[
    {
        "ID": "43187598-6984-4904-95a6-fcd9fa18a78b",
        "SourceAssetCriticality": "critical",
        "TargetAssetCriticality": "critical",
        "TimeToDueDate": "23.0",
        "TimeFromDetectTime": "23.5",
        "SeverityForAttackCategory": "med",
        "MAQuality": "0.5",
        "AttackSourceReputationScore": "0.5",
        "MaxCVE": "0.0",
        "Priority": 4
    },
    {
        "ID": "55fa5b53-e412-4f3b-b41c-c82ca8099079",
        "SourceAssetCriticality": "NA",
        "TargetAssetCriticality": "NA",
        "TimeToDueDate": "474.89951666666667",
        "TimeFromDetectTime": "1025.1004833333334",
        "SeverityForAttackCategory": "critical",
        "MAQuality": "0.5",
        "AttackSourceReputationScore": "0.5",
        "MaxCVE": "0.0",
        "Priority": 1
    },
    {
        "ID": "71b5677e-a2cf-4453-bb14-2ed067eeaf48",
        "SourceAssetCriticality": "NA",
        "TargetAssetCriticality": "NA",
        "TimeToDueDate": "-759.4504833333333",
        "TimeFromDetectTime": "2259.4504833333335",
        "SeverityForAttackCategory": "med",
        "MAQuality": "0.5",
        "AttackSourceReputationScore": "0.5",
        "MaxCVE": "0.0",
        "Priority": 3
    },
    {
        "ID": "7de81f81-8756-4c37-92cb-976722312d43",
        "SourceAssetCriticality": "NA",
        "TargetAssetCriticality": "NA",
        "TimeToDueDate": "-2348.9505",
        "TimeFromDetectTime": "3848.9505",
        "SeverityForAttackCategory": "med",
        "MAQuality": "0.5",
        "AttackSourceReputationScore": "0.5",
        "MaxCVE": "0.0",
        "Priority": 4
    },
    {
        "ID": "84983472-19a7-4257-a31a-b5f68986e3a9",
        "SourceAssetCriticality": "NA",
        "TargetAssetCriticality": "NA",
        "TimeToDueDate": "-3631.617166666667",
        "TimeFromDetectTime": "5131.617166666667",
        "SeverityForAttackCategory": "med",
        "MAQuality": "0.5",
        "AttackSourceReputationScore": "0.5",
        "MaxCVE": "0.0",
        "Priority": "5"
    },
    {
        "ID": "b32d0e4c-18fc-49ff-b259-ce33ec4e35a4",
        "SourceAssetCriticality": "NA",
        "TargetAssetCriticality": "NA",
        "TimeToDueDate": "-2164.6005",
        "TimeFromDetectTime": "3664.6005",
        "SeverityForAttackCategory": "med",
        "MAQuality": "0.5",
        "AttackSourceReputationScore": "0.5",
        "MaxCVE": "0.0",
        "Priority": 4
    },
    {
        "ID": "2b3db75e-9902-4242-95ea-4bcad30717fb",
        "SourceAssetCriticality": "NA",
        "TargetAssetCriticality": "NA",
        "TimeToDueDate": "-31.7505",
        "TimeFromDetectTime": "1531.7505",
        "SeverityForAttackCategory": "med",
        "MAQuality": "0.5",
        "AttackSourceReputationScore": "0.5",
        "MaxCVE": "0.0",
        "Priority": 3
    },
    {
        "ID": "c0175422-1b2b-4434-b423-89073e2ccfd8",
        "SourceAssetCriticality": "NA",
        "TargetAssetCriticality": "NA",
        "TimeToDueDate": "-4218.7671666666665",
        "TimeFromDetectTime": "5718.7671666666665",
        "SeverityForAttackCategory": "med",
        "MAQuality": "0.5",
        "AttackSourceReputationScore": "0.5",
        "MaxCVE": "0.0",
        "Priority": 5
    },
    {
        "ID": "0ade4a6f-85d5-448b-a234-2ec349801461",
        "SourceAssetCriticality": "NA",
        "TargetAssetCriticality": "NA",
        "TimeToDueDate": "-524.9338333333334",
        "TimeFromDetectTime": "2024.9338333333333",
        "SeverityForAttackCategory": "med",
        "MAQuality": "0.5",
        "AttackSourceReputationScore": "0.5",
        "MaxCVE": "0.0",
        "Priority": 3
    },
    {
        "ID": "c13224c3-1203-4c42-a42a-5524802ff81d",
        "SourceAssetCriticality": "NA",
        "TargetAssetCriticality": "NA",
        "TimeToDueDate": "-1445.2671666666668",
        "TimeFromDetectTime": "2945.2671666666665",
        "SeverityForAttackCategory": "med",
        "MAQuality": "0.5",
        "AttackSourceReputationScore": "0.5",
        "MaxCVE": "0.0",
        "Priority": 4
    },
    {
        "ID": "065e0705-693c-4e60-aced-5f8a830b02b1",
        "SourceAssetCriticality": "NA",
        "TargetAssetCriticality": "NA",
        "TimeToDueDate": "-3656.7505",
        "TimeFromDetectTime": "5156.7505",
        "SeverityForAttackCategory": "med",
        "MAQuality": "0.5",
        "AttackSourceReputationScore": "0.5",
        "MaxCVE": "0.0",
        "Priority": "5"
    },
    {
        "ID": "44b74877-6c3c-47b8-b57c-08ec78723005",
        "SourceAssetCriticality": "NA",
        "TargetAssetCriticality": "NA",
        "TimeToDueDate": "-2100.600516666667",
        "TimeFromDetectTime": "3600.600516666667",
        "SeverityForAttackCategory": "med",
        "MAQuality": "0.5",
        "AttackSourceReputationScore": "0.5",
        "MaxCVE": "0.0",
        "Priority": 4
    },
    {
        "ID": "192ca8a7-014f-44e7-89fd-9554e46f2cd9",
        "SourceAssetCriticality": "NA",
        "TargetAssetCriticality": "NA",
        "TimeToDueDate": "-2332.2671833333334",
        "TimeFromDetectTime": "3832.2671833333334",
        "SeverityForAttackCategory": "med",
        "MAQuality": "0.5",
        "AttackSourceReputationScore": "0.5",
        "MaxCVE": "0.0",
        "Priority": 4
    },
    {
        "ID": "b43ff44e-f4e3-4782-b2b1-0eaf3c7085af",
        "SourceAssetCriticality": "NA",
        "TargetAssetCriticality": "NA",
        "TimeToDueDate": "-1688.9671833333334",
        "TimeFromDetectTime": "3188.967183333333",
        "SeverityForAttackCategory": "med",
        "MAQuality": "0.5",
        "AttackSourceReputationScore": "0.5",
        "MaxCVE": "0.0",
        "Priority": 4
    },
    {
        "ID": "bbccd767-e7c6-44d6-a6aa-a472da937acb",
        "SourceAssetCriticality": "NA",
        "TargetAssetCriticality": "NA",
        "TimeToDueDate": "-596.4671833333333",
        "TimeFromDetectTime": "2096.467183333333",
        "SeverityForAttackCategory": "med",
        "MAQuality": "0.5",
        "AttackSourceReputationScore": "0.5",
        "MaxCVE": "0.0",
        "Priority": 3
    },
    {
        "ID": "ec25f2f5-ae43-450c-8f7d-ec6763ecca1b",
        "SourceAssetCriticality": "NA",
        "TargetAssetCriticality": "NA",
        "TimeToDueDate": "-1564.4505166666668",
        "TimeFromDetectTime": "3064.4505166666668",
        "SeverityForAttackCategory": "med",
        "MAQuality": "0.5",
        "AttackSourceReputationScore": "0.5",
        "MaxCVE": "0.0",
        "Priority": 4
    },
    {
        "ID": "ca98d04e-5d72-434f-b56e-caf49ea470bb",
        "SourceAssetCriticality": "NA",
        "TargetAssetCriticality": "NA",
        "TimeToDueDate": "-702.1005166666666",
        "TimeFromDetectTime": "2202.100516666667",
        "SeverityForAttackCategory": "med",
        "MAQuality": "0.5",
        "AttackSourceReputationScore": "0.5",
        "MaxCVE": "0.0",
        "Priority": 4
    },
    {
        "ID": "4aaf82ff-89d9-4dba-8997-5a255a8223e9",
        "SourceAssetCriticality": "NA",
        "TargetAssetCriticality": "NA",
        "TimeToDueDate": "-4205.600533333333",
        "TimeFromDetectTime": "5705.600533333333",
        "SeverityForAttackCategory": "med",
        "MAQuality": "0.5",
        "AttackSourceReputationScore": "0.5",
        "MaxCVE": "0.0",
        "Priority": "5"
    },
    {
        "ID": "271f38dc-336d-407c-aa6c-eac1101f2ff5",
        "SourceAssetCriticality": "NA",
        "TargetAssetCriticality": "NA",
        "TimeToDueDate": "-4221.433866666666",
        "TimeFromDetectTime": "5721.433866666666",
        "SeverityForAttackCategory": "med",
        "MAQuality": "0.5",
        "AttackSourceReputationScore": "0.5",
        "MaxCVE": "0.0",
        "Priority": "5"
    },
    {
        "ID": "aa7e56ab-5240-43c4-927d-a178126980cf",
        "SourceAssetCriticality": "NA",
        "TargetAssetCriticality": "NA",
        "TimeToDueDate": "-1697.6005333333333",
        "TimeFromDetectTime": "3197.6005333333333",
        "SeverityForAttackCategory": "med",
        "MAQuality": "0.5",
        "AttackSourceReputationScore": "0.5",
        "MaxCVE": "0.0",
        "Priority": 4
    },
    {
        "ID": "a5cf59cd-e2b4-4c8f-ac9e-130f83033073",
        "SourceAssetCriticality": "NA",
        "TargetAssetCriticality": "NA",
        "TimeToDueDate": "-1136.7505333333334",
        "TimeFromDetectTime": "2636.7505333333334",
        "SeverityForAttackCategory": "med",
        "MAQuality": "0.5",
        "AttackSourceReputationScore": "0.5",
        "MaxCVE": "0.0",
        "Priority": 4
    },
    {
        "ID": "c6150707-5b45-4dba-ab37-9178b7b0e1f5",
        "SourceAssetCriticality": "NA",
        "TargetAssetCriticality": "NA",
        "TimeToDueDate": "-4016.6338666666666",
        "TimeFromDetectTime": "5516.633866666667",
        "SeverityForAttackCategory": "med",
        "MAQuality": "0.5",
        "AttackSourceReputationScore": "0.5",
        "MaxCVE": "0.0",
        "Priority": "5"
    },
    {
        "ID": "28e7ac76-bb3b-4a24-93a3-1bb5caaaed31",
        "SourceAssetCriticality": "NA",
        "TargetAssetCriticality": "NA",
        "TimeToDueDate": "-1413.1005333333333",
        "TimeFromDetectTime": "2913.1005333333333",
        "SeverityForAttackCategory": "med",
        "MAQuality": "0.5",
        "AttackSourceReputationScore": "0.5",
        "MaxCVE": "0.0",
        "Priority": 4
    },
    {
        "ID": "110dba3b-9556-459b-a4c5-47b5a4ea9b38",
        "SourceAssetCriticality": "NA",
        "TargetAssetCriticality": "NA",
        "TimeToDueDate": "-1072.4338666666667",
        "TimeFromDetectTime": "2572.4338666666667",
        "SeverityForAttackCategory": "med",
        "MAQuality": "0.5",
        "AttackSourceReputationScore": "0.5",
        "MaxCVE": "0.0",
        "Priority": 4
    },
    {
        "ID": "2a081839-201d-4b71-a4bc-75322b734a4e",
        "SourceAssetCriticality": "NA",
        "TargetAssetCriticality": "NA",
        "TimeToDueDate": "-4271.083866666667",
        "TimeFromDetectTime": "5771.083866666667",
        "SeverityForAttackCategory": "med",
        "MAQuality": "0.5",
        "AttackSourceReputationScore": "0.5",
        "MaxCVE": "0.0",
        "Priority": "5"
    },
    {
        "ID": "91c2a129-e250-4427-9433-53cb34c6772b",
        "SourceAssetCriticality": "NA",
        "TargetAssetCriticality": "NA",
        "TimeToDueDate": "605.2161166666667",
        "TimeFromDetectTime": "894.7838833333333",
        "SeverityForAttackCategory": "med",
        "MAQuality": "0.5",
        "AttackSourceReputationScore": "0.5",
        "MaxCVE": "0.0",
        "Priority": 2
    },
    {
        "ID": "f3720068-48c1-46f8-b676-d595d9a629b9",
        "SourceAssetCriticality": "NA",
        "TargetAssetCriticality": "NA",
        "TimeToDueDate": "-4169.267216666667",
        "TimeFromDetectTime": "5669.267216666667",
        "SeverityForAttackCategory": "med",
        "MAQuality": "0.5",
        "AttackSourceReputationScore": "0.5",
        "MaxCVE": "0.0",
        "Priority": "5"
    },
    {
        "ID": "1137a9f0-75bd-4769-b7fa-ce3bea7b0950",
        "SourceAssetCriticality": "NA",
        "TargetAssetCriticality": "NA",
        "TimeToDueDate": "-1805.45055",
        "TimeFromDetectTime": "3305.450566666667",
        "SeverityForAttackCategory": "med",
        "MAQuality": "0.5",
        "AttackSourceReputationScore": "0.5",
        "MaxCVE": "0.0",
        "Priority": "5"
    },
    {
        "ID": "a5b31d5d-dfdf-4cfe-ade4-786c8cab9f38",
        "SourceAssetCriticality": "NA",
        "TargetAssetCriticality": "NA",
        "TimeToDueDate": "-1891.2672333333333",
        "TimeFromDetectTime": "3391.2672333333335",
        "SeverityForAttackCategory": "med",
        "MAQuality": "0.5",
        "AttackSourceReputationScore": "0.5",
        "MaxCVE": "0.0",
        "Priority": "5"
    },
    {
        "ID": "5e4db620-54e5-47da-982b-a8eb1a077a88",
        "SourceAssetCriticality": "NA",
        "TargetAssetCriticality": "NA",
        "TimeToDueDate": "-1047.5672333333334",
        "TimeFromDetectTime": "2547.567233333333",
        "SeverityForAttackCategory": "med",
        "MAQuality": "0.5",
        "AttackSourceReputationScore": "0.5",
        "MaxCVE": "0.0",
        "Priority": "5"
    },
    {
        "ID": "5cd1f986-6285-4db2-9e31-00c89f136e18",
        "SourceAssetCriticality": "NA",
        "TargetAssetCriticality": "NA",
        "TimeToDueDate": "-483.7672333333333",
        "TimeFromDetectTime": "1983.7672333333333",
        "SeverityForAttackCategory": "med",
        "MAQuality": "0.5",
        "AttackSourceReputationScore": "0.5",
        "MaxCVE": "0.0",
        "Priority": 3
    },
    {
        "ID": "9beecfe7-4e6a-4a83-89b6-60bd3ec5257d",
        "SourceAssetCriticality": "NA",
        "TargetAssetCriticality": "NA",
        "TimeToDueDate": "-3412.067233333333",
        "TimeFromDetectTime": "4912.067233333333",
        "SeverityForAttackCategory": "high",
        "MAQuality": "0.5",
        "AttackSourceReputationScore": "0.5",
        "MaxCVE": "0.0",
        "Priority": "5"
    },
    {
        "ID": "2038665e-e170-4a99-98fd-78f74b753d28",
        "SourceAssetCriticality": "NA",
        "TargetAssetCriticality": "NA",
        "TimeToDueDate": "-1977.2672333333333",
        "TimeFromDetectTime": "3477.2672333333335",
        "SeverityForAttackCategory": "med",
        "MAQuality": "0.5",
        "AttackSourceReputationScore": "0.5",
        "MaxCVE": "0.0",
        "Priority": 4
    },
    {
        "ID": "dd3e0140-006d-4ebf-8a31-b9c5fda51fd6",
        "SourceAssetCriticality": "NA",
        "TargetAssetCriticality": "NA",
        "TimeToDueDate": "-1550.4339166666666",
        "TimeFromDetectTime": "3050.433916666667",
        "SeverityForAttackCategory": "med",
        "MAQuality": "0.5",
        "AttackSourceReputationScore": "0.5",
        "MaxCVE": "0.0",
        "Priority": 4
    },
    {
        "ID": "6435296c-6b7c-410e-ae6f-0ac0d23649ef",
        "SourceAssetCriticality": "NA",
        "TargetAssetCriticality": "NA",
        "TimeToDueDate": "-1867.61725",
        "TimeFromDetectTime": "3367.61725",
        "SeverityForAttackCategory": "med",
        "MAQuality": "0.5",
        "AttackSourceReputationScore": "0.5",
        "MaxCVE": "0.0",
        "Priority": 4
    },
    {
        "ID": "6dc42909-ebe6-4ac4-9c95-71a7e9ca81ea",
        "SourceAssetCriticality": "NA",
        "TargetAssetCriticality": "NA",
        "TimeToDueDate": "-3660.1005833333334",
        "TimeFromDetectTime": "5160.100583333333",
        "SeverityForAttackCategory": "med",
        "MAQuality": "0.5",
        "AttackSourceReputationScore": "0.5",
        "MaxCVE": "0.0",
        "Priority": 5
    },
    {
        "ID": "3774cfa5-e550-4e62-926d-9798f1c0054d",
        "SourceAssetCriticality": "NA",
        "TargetAssetCriticality": "NA",
        "TimeToDueDate": "962.3994166666666",
        "TimeFromDetectTime": "537.6005833333334",
        "SeverityForAttackCategory": "med",
        "MAQuality": "0.5",
        "AttackSourceReputationScore": "0.5",
        "MaxCVE": "0.0",
        "Priority": 2
    },
    {
        "ID": "a8e0953e-0b3e-4bce-b61c-311945057872",
        "SourceAssetCriticality": "NA",
        "TargetAssetCriticality": "NA",
        "TimeToDueDate": "-1747.4505833333333",
        "TimeFromDetectTime": "3247.4505833333333",
        "SeverityForAttackCategory": "med",
        "MAQuality": "0.5",
        "AttackSourceReputationScore": "0.5",
        "MaxCVE": "0.0",
        "Priority": 4
    },
    {
        "ID": "4e082341-7ea6-489f-a037-990e4466bac6",
        "SourceAssetCriticality": "NA",
        "TargetAssetCriticality": "NA",
        "TimeToDueDate": "-1530.5839333333333",
        "TimeFromDetectTime": "3030.5839333333333",
        "SeverityForAttackCategory": "med",
        "MAQuality": "0.5",
        "AttackSourceReputationScore": "0.5",
        "MaxCVE": "0.0",
        "Priority": 4
    },
    {
        "ID": "ed5f7e8d-13e2-40f8-9575-6ae89a5e1cab",
        "SourceAssetCriticality": "NA",
        "TargetAssetCriticality": "NA",
        "TimeToDueDate": "-3774.6172666666666",
        "TimeFromDetectTime": "5274.617266666667",
        "SeverityForAttackCategory": "med",
        "MAQuality": "0.5",
        "AttackSourceReputationScore": "0.5",
        "MaxCVE": "0.0",
        "Priority": "5"
    },
    {
        "ID": "ffd4defd-0b22-42a6-8c6a-acb8b913ee2a",
        "SourceAssetCriticality": "NA",
        "TargetAssetCriticality": "NA",
        "TimeToDueDate": "-1953.2672666666667",
        "TimeFromDetectTime": "3453.2672666666667",
        "SeverityForAttackCategory": "med",
        "MAQuality": "0.5",
        "AttackSourceReputationScore": "0.5",
        "MaxCVE": "0.0",
        "Priority": 4
    },
    {
        "ID": "2b212e64-ad30-421f-8744-5909125d8ab9",
        "SourceAssetCriticality": "NA",
        "TargetAssetCriticality": "NA",
        "TimeToDueDate": "-1548.4506",
        "TimeFromDetectTime": "3048.4506",
        "SeverityForAttackCategory": "med",
        "MAQuality": "0.5",
        "AttackSourceReputationScore": "0.5",
        "MaxCVE": "0.0",
        "Priority": 4
    },
    {
        "ID": "9d8686af-2669-45c1-a358-0170abc6be57",
        "SourceAssetCriticality": "NA",
        "TargetAssetCriticality": "NA",
        "TimeToDueDate": "-893.4339333333334",
        "TimeFromDetectTime": "2393.4339333333332",
        "SeverityForAttackCategory": "med",
        "MAQuality": "0.5",
        "AttackSourceReputationScore": "0.5",
        "MaxCVE": "0.0",
        "Priority": 3
    },
    {
        "ID": "3fd99d47-9f49-44d0-8037-9edb257e6fc7",
        "SourceAssetCriticality": "NA",
        "TargetAssetCriticality": "NA",
        "TimeToDueDate": "-1822.8006",
        "TimeFromDetectTime": "3322.8006",
        "SeverityForAttackCategory": "med",
        "MAQuality": "0.5",
        "AttackSourceReputationScore": "0.5",
        "MaxCVE": "0.0",
        "Priority": 4
    },
    {
        "ID": "d2f84647-085a-4fae-a0b3-1dadeeaf52ec",
        "SourceAssetCriticality": "NA",
        "TargetAssetCriticality": "NA",
        "TimeToDueDate": "-99.60061666666667",
        "TimeFromDetectTime": "1599.6006166666666",
        "SeverityForAttackCategory": "critical",
        "MAQuality": "0.5",
        "AttackSourceReputationScore": "0.5",
        "MaxCVE": "0.0",
        "Priority": 1
    },
    {
        "ID": "4dbdd9e2-b7bc-46e0-b7a7-8cbd8789ded4",
        "SourceAssetCriticality": "NA",
        "TargetAssetCriticality": "NA",
        "TimeToDueDate": "-3373.267283333333",
        "TimeFromDetectTime": "4873.267283333334",
        "SeverityForAttackCategory": "med",
        "MAQuality": "0.5",
        "AttackSourceReputationScore": "0.5",
        "MaxCVE": "0.0",
        "Priority": "5"
    },
    {
        "ID": "fa493066-b634-42b4-be99-7da7d6e29537",
        "SourceAssetCriticality": "NA",
        "TargetAssetCriticality": "NA",
        "TimeToDueDate": "-1063.93395",
        "TimeFromDetectTime": "2563.93395",
        "SeverityForAttackCategory": "med",
        "MAQuality": "0.5",
        "AttackSourceReputationScore": "0.5",
        "MaxCVE": "0.0",
        "Priority": 3
    },
    {
        "ID": "6d375599-adf6-4260-b109-8c8edbf1fece",
        "SourceAssetCriticality": "NA",
        "TargetAssetCriticality": "NA",
        "TimeToDueDate": "-1971.6006166666666",
        "TimeFromDetectTime": "3471.6006166666666",
        "SeverityForAttackCategory": "med",
        "MAQuality": "0.5",
        "AttackSourceReputationScore": "0.5",
        "MaxCVE": "0.0",
        "Priority": 4
    },
    {
        "ID": "77886995-cc5b-4055-898d-4d2d0032c715",
        "SourceAssetCriticality": "NA",
        "TargetAssetCriticality": "NA",
        "TimeToDueDate": "-1611.93395",
        "TimeFromDetectTime": "3111.93395",
        "SeverityForAttackCategory": "med",
        "MAQuality": "0.5",
        "AttackSourceReputationScore": "0.5",
        "MaxCVE": "0.0",
        "Priority": 4
    },
    {
        "ID": "d81a90be-3039-41ec-8b03-a670d917661f",
        "SourceAssetCriticality": "NA",
        "TargetAssetCriticality": "NA",
        "TimeToDueDate": "-904.9173",
        "TimeFromDetectTime": "2404.9173",
        "SeverityForAttackCategory": "med",
        "MAQuality": "0.5",
        "AttackSourceReputationScore": "0.5",
        "MaxCVE": "0.0",
        "Priority": 3
    }
]